[{"id":1,"first_name":"1 liters","last_name":"in 10rs."},
{"id":1,"first_name":"2 liters","last_name":" in 20rs."},
{"id":1,"first_name":"3 liters","last_name":" in 30rs."}
,{"id":1,"first_name":"4 liters","last_name":" in 40rs."}
,{"id":1,"first_name":"5 liters","last_name":" in 50rs."},
{"id":1,"first_name":"6 liters","last_name":" in 60rs."},
{"id":1,"first_name":"7 liters","last_name":" in 0rs."},
{"id":1,"first_name":"8 liters","last_name":" in 80rs."}
,{"id":1,"first_name":"9 liters","last_name":" in 90rs."}
,{"id":1,"first_name":"10 liters","last_name":" in 100rs."}
,{"id":1,"first_name":"15 liters","last_name":" in 150rs."},
{"id":1,"first_name":"20 liters","last_name":" in 200rs."},
{"id":1,"first_name":"30 liters","last_name":" in 300rs."}
,{"id":1,"first_name":"40 liters","last_name":" in 400rs."}
,{"id":1,"first_name":"50 liters","last_name":" in 500rs."},
{"id":1,"first_name":"100 liters","last_name":" in 1000rs."},
{"id":1,"first_name":"200 liters","last_name":" in 2000rs."},
{"id":1,"first_name":"300 liters","last_name":" in 3000rs."}
,{"id":1,"first_name":"400 liters","last_name":" in 4000rs."}
,{"id":1,"first_name":"500 liters","last_name":" in 5000rs."}
]